slot_utc,count,min_seconds,p25_seconds,p50_seconds,p75_seconds,p95_seconds,p99_seconds,max_seconds,within_1m_percent,within_15m_percent,within_30m_percent,within_1h_percent,over_1h_percent,finalized_expected_count,finalized_observed_count,missing_count,missing_percent
0000,50,3439,5276,10210,11334,19335,31482,31482,0.00,0.00,0.00,14.00,86.00,49,49,0,0.00
0005,50,4353,7139,12786,13866,21665,36144,36144,0.00,0.00,0.00,0.00,100.00,49,49,0,0.00
0010,50,5751,8935,15636,16640,24505,39945,39945,0.00,0.00,0.00,0.00,100.00,49,49,0,0.00
0015,50,5571,8911,15793,16730,24399,39925,39925,0.00,0.00,0.00,0.00,100.00,49,49,0,0.00
0020,50,5593,9750,16362,17290,24627,40266,40266,0.00,0.00,0.00,0.00,100.00,49,49,0,0.00
0025,50,5324,9486,16161,17107,24383,40050,40050,0.00,0.00,0.00,0.00,100.00,49,49,0,0.00
0030,50,5169,9369,16187,17221,24357,40075,40075,0.00,0.00,0.00,0.00,100.00,49,49,0,0.00
0035,50,5208,9289,16398,17294,24249,41564,41564,0.00,0.00,0.00,0.00,100.00,49,49,0,0.00
0040,50,4935,9032,16214,17055,23981,41363,41363,0.00,0.00,0.00,0.00,100.00,49,49,0,0.00
0045,50,4712,8808,16192,17067,23881,41331,41331,0.00,0.00,0.00,0.00,100.00,49,49,0,0.00
0050,50,4527,8625,16088,16911,23760,41121,41121,0.00,0.00,0.00,0.00,100.00,49,49,0,0.00
0055,50,4223,8452,15923,16747,23603,40922,40922,0.00,0.00,0.00,0.00,100.00,49,49,0,0.00
0100,50,3958,8216,15670,16465,23338,40712,40712,0.00,0.00,0.00,0.00,100.00,49,49,0,0.00
0105,50,4195,8430,16698,17641,23970,41435,41435,0.00,0.00,0.00,0.00,100.00,49,49,0,0.00
0110,50,4082,8341,17120,18130,23996,41586,41586,0.00,0.00,0.00,0.00,100.00,49,49,0,0.00
0115,50,3839,8099,16963,17989,23848,41455,41455,0.00,0.00,0.00,0.00,100.00,49,49,0,0.00
0120,50,4070,7914,17127,18342,23706,41871,41871,0.00,0.00,0.00,0.00,100.00,49,49,0,0.00
0125,49,3893,7765,17325,18198,23688,41953,41953,0.00,0.00,0.00,0.00,100.00,49,49,0,0.00
0130,49,3537,7347,16754,17713,23245,41461,41461,0.00,0.00,0.00,2.04,97.96,49,49,0,0.00
0135,49,3527,7452,17487,18159,23727,41957,41957,0.00,0.00,0.00,2.04,97.96,49,49,0,0.00
0140,49,3471,7871,17842,18403,23859,42056,42056,0.00,0.00,0.00,4.08,95.92,49,49,0,0.00
0145,49,3198,7564,17584,18182,23607,41817,41817,0.00,0.00,0.00,12.24,87.76,49,49,0,0.00
0150,49,3048,7325,17502,18100,23360,41646,41646,0.00,0.00,0.00,16.33,83.67,49,49,0,0.00
0155,49,2717,7025,17211,17800,23063,41343,41343,0.00,0.00,0.00,24.49,75.51,49,49,0,0.00
0200,49,3121,7770,18339,19606,24092,42773,42773,0.00,0.00,0.00,12.24,87.76,49,49,0,0.00
0205,49,3241,7838,18690,20177,24705,43904,43904,0.00,0.00,0.00,6.12,93.88,49,49,0,0.00
0210,49,3079,7633,18450,19954,24533,43672,43672,0.00,0.00,0.00,16.33,83.67,49,49,0,0.00
0215,49,3025,7433,18324,20055,24510,43571,43571,0.00,0.00,0.00,16.33,83.67,49,49,0,0.00
0220,49,2866,7176,18182,19901,24443,43448,43448,0.00,0.00,0.00,22.45,77.55,49,49,0,0.00
0225,49,2613,6950,17969,19667,24311,43223,43223,0.00,0.00,0.00,16.33,83.67,49,49,0,0.00
0230,49,2963,6861,18004,19733,24521,43352,43352,0.00,0.00,0.00,16.33,83.67,49,49,0,0.00
0235,49,2676,6551,17747,19484,24280,43096,43096,0.00,0.00,0.00,24.49,75.51,49,49,0,0.00
0240,49,2444,6360,17519,19245,24109,42874,42874,0.00,0.00,0.00,24.49,75.51,49,49,0,0.00
0245,49,2257,6221,17270,19004,23870,42625,42625,0.00,0.00,0.00,24.49,75.51,49,49,0,0.00
0250,49,2059,5979,16985,18707,23598,42350,42350,0.00,0.00,0.00,24.49,75.51,49,49,0,0.00
0255,49,2253,6477,17306,19246,24102,42641,42641,0.00,0.00,0.00,24.49,75.51,49,49,0,0.00
0300,49,2753,6887,18115,20040,24931,43998,43998,0.00,0.00,0.00,24.49,75.51,49,49,0,0.00
0305,49,2336,6477,17701,19620,24501,43559,43559,0.00,0.00,0.00,24.49,75.51,49,49,0,0.00
0310,49,2427,6491,17660,19576,24539,43589,43589,0.00,0.00,0.00,24.49,75.51,49,49,0,0.00
0315,49,2194,6270,17419,19322,24280,43339,43339,0.00,0.00,0.00,24.49,75.51,49,49,0,0.00
0320,49,2259,6585,17711,19653,24786,43756,43756,0.00,0.00,0.00,24.49,75.51,49,49,0,0.00
0325,49,2033,6376,17447,19416,24575,43521,43521,0.00,0.00,0.00,24.49,75.51,49,49,0,0.00
0330,49,2137,6387,17497,19509,24771,43602,43602,0.00,0.00,0.00,24.49,75.51,49,49,0,0.00
0335,49,1833,6053,17143,19185,24379,43255,43255,0.00,0.00,0.00,24.49,75.51,49,49,0,0.00
0340,49,1555,5878,16918,18963,24209,43049,43049,0.00,0.00,4.08,24.49,75.51,49,49,0,0.00
0345,49,1758,5714,16796,18836,24059,42964,42964,0.00,0.00,2.04,24.49,75.51,49,49,0,0.00
0350,49,1554,5473,16587,18545,23917,42702,42702,0.00,0.00,4.08,24.49,75.51,49,49,0,0.00
0355,49,1480,5342,16438,18458,23920,42654,42654,0.00,0.00,8.16,24.49,75.51,49,49,0,0.00
0400,49,1498,5292,16566,18518,24092,42721,42721,0.00,0.00,4.08,24.49,75.51,49,49,0,0.00
0405,49,1807,5725,17134,18834,24620,44499,44499,0.00,0.00,0.00,24.49,75.51,49,49,0,0.00
0410,49,1797,5580,17098,19006,24575,44526,44526,0.00,0.00,2.04,24.49,75.51,49,49,0,0.00
0415,49,1897,5439,16961,19048,24572,44579,44579,0.00,0.00,0.00,24.49,75.51,49,49,0,0.00
0420,49,1652,5214,16694,18820,24330,44357,44357,0.00,0.00,4.08,24.49,75.51,49,49,0,0.00
0425,49,1594,5106,16561,18674,24363,44275,44275,0.00,0.00,6.12,24.49,75.51,49,49,0,0.00
0430,49,1565,5023,16460,18572,24429,44285,44285,0.00,0.00,6.12,24.49,75.51,49,49,0,0.00
0435,49,1460,5256,16377,18389,24257,44296,44296,0.00,0.00,10.20,24.49,75.51,49,49,0,0.00
0440,49,1170,4958,16115,18103,23956,44022,44022,0.00,0.00,20.41,24.49,75.51,49,49,0,0.00
0445,49,1002,4765,15988,17953,23769,43828,43828,0.00,0.00,14.29,24.49,75.51,49,49,0,0.00
0450,49,783,4526,15778,17737,23525,43582,43582,0.00,2.04,20.41,24.49,75.51,49,49,0,0.00
0455,49,1049,4246,15587,17545,23240,43331,43331,0.00,0.00,22.45,24.49,75.51,49,49,0,0.00
0500,49,1798,4724,16312,18318,23699,44097,44097,0.00,0.00,2.04,24.49,75.51,49,49,0,0.00
0505,49,1700,4583,16253,18181,23524,44105,44105,0.00,0.00,2.04,24.49,75.51,49,49,0,0.00
0510,49,1492,4373,16065,17964,23268,43903,43903,0.00,0.00,12.24,24.49,75.51,49,49,0,0.00
0515,49,1549,5231,16241,18106,23168,43879,43879,0.00,0.00,10.20,24.49,75.51,49,49,0,0.00
0520,49,1316,4975,15985,17857,22913,43598,43598,0.00,0.00,18.37,24.49,75.51,49,49,0,0.00
0525,49,1189,4943,16012,17817,22915,43416,43416,0.00,0.00,22.45,24.49,75.51,49,49,0,0.00
0530,49,1293,5040,16149,17990,23021,43655,43655,0.00,0.00,20.41,24.49,75.51,49,49,0,0.00
0535,49,1226,4918,16078,17983,22945,43537,43537,0.00,0.00,22.45,24.49,75.51,49,49,0,0.00
0540,49,1012,4651,15823,17730,22670,43271,43271,0.00,0.00,24.49,24.49,75.51,49,49,0,0.00
0545,49,780,4377,15556,17473,22405,42996,42996,0.00,10.20,24.49,24.49,75.51,49,49,0,0.00
0550,49,685,4151,15367,17249,22240,42770,42770,0.00,16.33,20.41,24.49,75.51,49,49,0,0.00
0555,49,1285,4059,15329,17186,22323,42645,42645,0.00,0.00,20.41,24.49,75.51,49,49,0,0.00
0600,49,2563,5815,17697,19633,26271,44465,44465,0.00,0.00,0.00,20.41,79.59,49,49,0,0.00
0605,49,2768,5909,18174,20152,27367,44840,44840,0.00,0.00,0.00,20.41,79.59,49,49,0,0.00
0610,49,2734,5838,18254,20125,27382,44824,44824,0.00,0.00,0.00,20.41,79.59,49,49,0,0.00
0615,49,2583,5741,18387,20240,27615,44855,44855,0.00,0.00,0.00,20.41,79.59,49,49,0,0.00
0620,49,2527,5659,18742,20466,28217,44989,44989,0.00,0.00,0.00,20.41,79.59,49,49,0,0.00
0625,49,2260,5375,18463,20198,27954,44703,44703,0.00,0.00,0.00,20.41,79.59,49,49,0,0.00
0630,49,2267,5270,18798,20359,28330,44827,44827,0.00,0.00,0.00,20.41,79.59,49,49,0,0.00
0635,49,1986,5006,18553,20110,28080,44569,44569,0.00,0.00,0.00,20.41,79.59,49,49,0,0.00
0640,49,1734,4766,18291,19844,27834,44302,44302,0.00,0.00,2.04,22.45,77.55,49,49,0,0.00
0645,49,1784,4521,18127,19622,27677,44067,44067,0.00,0.00,2.04,24.49,75.51,49,49,0,0.00
0650,49,1672,4377,18052,19752,27757,43866,43866,0.00,0.00,6.12,24.49,75.51,49,49,0,0.00
0655,49,1383,4135,17792,19511,27555,43589,43589,0.00,0.00,8.16,24.49,75.51,49,49,0,0.00
0700,49,1825,4522,18263,20125,28782,44192,44192,0.00,0.00,0.00,24.49,75.51,49,49,0,0.00
0705,49,1947,4717,18376,20270,29601,44287,44287,0.00,0.00,0.00,24.49,75.51,49,49,0,0.00
0710,49,1892,5165,18139,20059,29562,44078,44078,0.00,0.00,0.00,24.49,75.51,49,49,0,0.00
0715,49,1591,4882,17839,19755,29260,43776,43776,0.00,0.00,6.12,24.49,75.51,49,49,0,0.00
0720,49,1656,4829,17799,19787,29875,43735,43735,0.00,0.00,6.12,24.49,75.51,48,48,0,0.00
0725,49,1457,4585,17544,19533,29726,43480,43480,0.00,0.00,8.16,24.49,75.51,48,48,0,0.00
0730,49,1225,4329,17265,19267,29485,43199,43199,0.00,0.00,8.16,24.49,75.51,48,48,0,0.00
0735,49,1116,4239,17082,19256,29529,43036,43036,0.00,0.00,12.24,24.49,75.51,48,48,0,0.00
0740,49,968,4018,16898,19126,29607,42862,42862,0.00,0.00,16.33,24.49,75.51,48,48,0,0.00
0745,49,933,3793,16678,18968,29696,42629,42629,0.00,0.00,8.16,24.49,75.51,48,48,0,0.00
0750,49,567,3499,16367,18662,29355,42325,42325,0.00,8.16,16.33,26.53,73.47,48,48,0,0.00
0755,49,1159,3724,16323,18660,29830,42567,42567,0.00,0.00,14.29,24.49,75.51,48,48,0,0.00
0800,49,1758,4063,17086,19481,30680,42973,42973,0.00,0.00,2.04,24.49,75.51,48,48,0,0.00
0805,49,1976,4178,17398,19895,31042,43485,43485,0.00,0.00,0.00,24.49,75.51,48,48,0,0.00
0810,49,2024,4145,17190,19980,30825,43257,43257,0.00,0.00,0.00,24.49,75.51,48,48,0,0.00
0815,49,1859,4399,17006,20022,30656,43039,43039,0.00,0.00,0.00,24.49,75.51,48,48,0,0.00
0820,49,1739,4204,16810,19830,30527,42832,42832,0.00,0.00,2.04,24.49,75.51,48,48,0,0.00
0825,50,1625,4106,16455,19664,30377,42700,42700,0.00,0.00,6.00,24.00,76.00,49,49,0,0.00
0830,50,1498,3888,16252,19455,30149,42469,42469,0.00,0.00,8.00,24.00,76.00,49,49,0,0.00
0835,50,1438,3853,16216,19400,30208,42329,42329,0.00,0.00,8.00,24.00,76.00,49,49,0,0.00
0840,50,1177,3591,15963,19128,29942,42060,42060,0.00,0.00,12.00,26.00,74.00,49,49,0,0.00
0845,50,1000,3487,15728,18868,29767,41825,41825,0.00,0.00,10.00,26.00,74.00,49,49,0,0.00
0850,50,763,3203,15435,18576,29508,41696,41696,0.00,8.00,18.00,30.00,70.00,49,49,0,0.00
0855,50,1305,3395,15465,18565,29724,41649,41649,0.00,0.00,16.00,30.00,70.00,49,49,0,0.00
0900,50,1832,4159,16144,19075,30639,42427,42427,0.00,0.00,0.00,24.00,76.00,49,49,0,0.00
0905,50,1651,4020,15954,19038,30573,42192,42192,0.00,0.00,8.00,24.00,76.00,49,49,0,0.00
0910,50,1587,3872,15819,18818,30425,41965,41965,0.00,0.00,8.00,24.00,76.00,49,49,0,0.00
0915,50,1612,3742,15707,18627,30284,41755,41755,0.00,0.00,8.00,24.00,76.00,49,49,0,0.00
0920,50,1520,4076,15620,18422,30185,41796,41796,0.00,0.00,8.00,24.00,76.00,49,49,0,0.00
0925,50,1356,3950,15491,18176,29969,41526,41526,0.00,0.00,8.00,24.00,76.00,49,49,0,0.00
0930,50,994,3621,15179,17870,29665,41246,41246,0.00,0.00,18.00,24.00,76.00,49,49,0,0.00
0935,50,1030,3591,15205,17709,29527,41015,41015,0.00,0.00,18.00,26.00,74.00,49,49,0,0.00
0940,50,867,3399,14969,17419,29255,40732,40732,0.00,2.00,20.00,26.00,74.00,49,49,0,0.00
0945,50,789,3246,14836,17168,29021,40424,40424,0.00,8.00,18.00,30.00,70.00,49,49,0,0.00
0950,50,669,3103,14612,16879,28766,40181,40181,0.00,8.00,22.00,30.00,70.00,49,49,0,0.00
0955,50,468,2919,14336,16589,28480,39881,39881,0.00,8.00,24.00,30.00,70.00,49,49,0,0.00
1000,50,1506,3571,15044,17203,28802,40085,40085,0.00,0.00,8.00,26.00,74.00,49,49,0,0.00
1005,50,1671,3603,15423,17490,28874,39873,39873,0.00,0.00,8.00,24.00,76.00,49,49,0,0.00
1010,50,1575,3446,15401,17512,28733,39653,39653,0.00,0.00,8.00,30.00,70.00,49,49,0,0.00
1015,50,1479,3193,15293,17395,28503,39373,39373,0.00,0.00,8.00,30.00,70.00,49,49,0,0.00
1020,50,1183,2918,15007,17100,28206,39075,39075,0.00,0.00,20.00,30.00,70.00,49,49,0,0.00
1025,50,1185,2848,14936,17027,28028,38818,38818,0.00,0.00,16.00,30.00,70.00,49,49,0,0.00
1030,50,1135,3023,14753,16920,27831,38579,38579,0.00,0.00,18.00,30.00,70.00,49,49,0,0.00
1035,50,840,2440,14419,16565,27518,38268,38268,0.00,6.00,24.00,30.00,70.00,49,49,0,0.00
1040,50,875,2637,14329,16638,27290,38064,38064,0.00,4.00,24.00,30.00,70.00,49,49,0,0.00
1045,50,717,2473,14127,16382,27021,37778,37778,0.00,8.00,24.00,30.00,70.00,49,49,0,0.00
1050,50,663,2531,13964,16193,26768,37502,37502,0.00,8.00,24.00,30.00,70.00,49,49,0,0.00
1055,50,422,2281,13665,15950,26488,37197,37197,0.00,8.00,24.00,30.00,70.00,49,49,0,0.00
1100,50,1633,3094,14191,16447,27221,37247,37247,0.00,0.00,8.00,30.00,70.00,49,49,0,0.00
1105,50,1355,2825,13894,16142,26927,36944,36944,0.00,0.00,16.00,30.00,70.00,49,49,0,0.00
1110,50,1120,2528,13617,15853,26631,36652,36652,0.00,0.00,24.00,30.00,70.00,49,49,0,0.00
1115,50,1121,2550,13455,15766,26443,36584,36584,0.00,0.00,24.00,30.00,70.00,49,49,0,0.00
1120,50,1048,2393,13268,15588,26232,36392,36392,0.00,0.00,24.00,30.00,70.00,49,49,0,0.00
1125,50,816,2156,13031,15305,25968,36133,36133,0.00,8.00,24.00,30.00,70.00,49,49,0,0.00
1130,50,801,2197,12884,15211,25796,35905,35905,0.00,8.00,24.00,30.00,70.00,49,49,0,0.00
1135,50,1005,3079,12750,14979,25657,35804,35804,0.00,0.00,24.00,30.00,70.00,49,49,0,0.00
1140,50,798,2820,12493,14681,25371,35435,35435,0.00,8.00,24.00,30.00,70.00,49,49,0,0.00
1145,50,714,2599,12353,14401,25113,35197,35197,0.00,10.00,24.00,30.00,70.00,49,49,0,0.00
1150,50,409,2299,12046,14101,24808,34893,34893,0.00,24.00,24.00,30.00,70.00,49,49,0,0.00
1155,50,1284,2690,12668,14400,25214,34794,34794,0.00,0.00,20.00,30.00,70.00,49,49,0,0.00
1200,50,976,2381,12361,14077,24888,34490,34490,0.00,0.00,24.00,30.00,70.00,49,49,0,0.00
1205,50,1868,3637,13793,15550,26036,35176,35176,0.00,0.00,0.00,24.00,76.00,49,49,0,0.00
1210,50,2732,5135,14985,17013,26850,36255,36255,0.00,0.00,0.00,22.00,78.00,49,49,0,0.00
1215,50,2500,4959,14762,16854,26635,36016,36016,0.00,0.00,0.00,24.00,76.00,49,49,0,0.00
1220,50,2456,5167,14867,16999,26513,36251,36251,0.00,0.00,0.00,24.00,76.00,49,49,0,0.00
1225,50,2287,5067,14856,16987,26292,36185,36185,0.00,0.00,0.00,20.00,80.00,49,49,0,0.00
1230,50,2117,4823,14647,16812,26121,35967,35967,0.00,0.00,0.00,22.00,78.00,49,49,0,0.00
1235,50,2099,4930,14735,16765,26047,35963,35963,0.00,0.00,0.00,22.00,78.00,49,49,0,0.00
1240,50,2191,4876,14587,16588,25780,35847,35847,0.00,0.00,0.00,24.00,76.00,49,49,0,0.00
1245,50,1847,4523,14238,16264,25462,35500,35500,0.00,0.00,0.00,24.00,76.00,49,49,0,0.00
1250,50,1739,4403,14067,16145,25240,35548,35548,0.00,0.00,2.00,24.00,76.00,49,49,0,0.00
1255,50,1478,4168,13802,15943,24968,35327,35327,0.00,0.00,8.00,24.00,76.00,49,49,0,0.00
1300,50,1837,4532,14161,16398,25244,35663,35663,0.00,0.00,0.00,24.00,76.00,49,49,0,0.00
1305,50,1913,4379,14124,16477,25192,35667,35667,0.00,0.00,0.00,24.00,76.00,49,49,0,0.00
1310,50,1645,4130,13842,16244,24918,35373,35373,0.00,0.00,6.00,24.00,76.00,49,49,0,0.00
1315,50,1801,3993,13705,16301,24772,35320,35320,0.00,0.00,0.00,24.00,76.00,49,49,0,0.00
1320,50,1499,3675,13410,16011,24471,35015,35015,0.00,0.00,8.00,24.00,76.00,49,49,0,0.00
1325,50,1423,3841,13203,15947,24289,34874,34874,0.00,0.00,8.00,24.00,76.00,49,49,0,0.00
1330,50,1357,3678,13001,15843,24088,34755,34755,0.00,0.00,8.00,24.00,76.00,49,49,0,0.00
1335,50,1196,3536,12887,15609,23869,34539,34539,0.00,0.00,10.00,26.00,74.00,49,49,0,0.00
1340,50,887,3244,12558,15307,23570,34238,34238,0.00,4.00,16.00,28.00,72.00,49,49,0,0.00
1345,50,749,3187,12512,15055,23319,34039,34039,0.00,8.00,10.00,30.00,70.00,49,49,0,0.00
1350,50,648,3041,12430,14804,23100,33831,33831,0.00,8.00,16.00,30.00,70.00,49,49,0,0.00
1355,50,1199,3060,12719,14810,23143,34395,34395,0.00,0.00,10.00,30.00,70.00,49,49,0,0.00
1400,50,829,2707,12313,14414,22802,33925,33925,0.00,4.00,18.00,30.00,70.00,49,49,0,0.00
1405,50,1592,3435,12926,15135,23125,34780,34780,0.00,0.00,8.00,26.00,74.00,49,49,0,0.00
1410,50,1535,3318,12767,14978,22894,34551,34551,0.00,0.00,8.00,26.00,74.00,49,49,0,0.00
1415,50,1353,3570,12517,14918,22699,34328,34328,0.00,0.00,10.00,28.00,72.00,49,49,0,0.00
1420,50,1255,3404,12265,14703,22487,34096,34096,0.00,0.00,10.00,28.00,72.00,49,49,0,0.00
1425,50,1230,3765,12068,14674,22429,33962,33962,0.00,0.00,10.00,24.00,76.00,49,49,0,0.00
1430,50,854,3416,11722,14300,22090,33621,33621,0.00,4.00,14.00,28.00,72.00,49,49,0,0.00
1435,50,1020,3350,11783,14364,22066,33618,33618,0.00,0.00,14.00,28.00,72.00,49,49,0,0.00
1440,50,878,3168,11532,14164,21931,33421,33421,0.00,2.00,18.00,28.00,72.00,49,49,0,0.00
1445,50,786,3222,11334,14016,21840,33309,33309,0.00,8.00,16.00,28.00,72.00,49,49,0,0.00
1450,50,644,3052,11113,13784,21635,33160,33160,0.00,10.00,18.00,28.00,72.00,49,49,0,0.00
1455,50,446,2934,10851,13527,21397,33045,33045,0.00,8.00,20.00,28.00,72.00,49,49,0,0.00
1500,50,982,3361,11272,13693,21761,33180,33180,0.00,0.00,18.00,28.00,72.00,49,49,0,0.00
1505,50,1523,3615,11775,13957,21993,33401,33401,0.00,0.00,10.00,24.00,76.00,49,49,0,0.00
1510,50,1384,3452,11749,13762,21766,33215,33215,0.00,0.00,10.00,28.00,72.00,49,49,0,0.00
1515,50,1085,3133,11439,13458,21465,32911,32911,0.00,0.00,14.00,28.00,72.00,49,49,0,0.00
1520,50,1164,3185,11857,13521,21369,32805,32805,0.00,0.00,10.00,28.00,72.00,49,49,0,0.00
1525,50,873,2920,11606,13268,21097,32524,32524,0.00,2.00,18.00,28.00,72.00,49,49,0,0.00
1530,50,745,2690,11378,13077,20882,32304,32304,0.00,8.00,18.00,28.00,72.00,49,49,0,0.00
1535,50,949,3226,11190,13099,20763,32345,32345,0.00,0.00,18.00,28.00,72.00,49,49,0,0.00
1540,50,942,3216,10975,12941,20552,32151,32151,0.00,0.00,18.00,30.00,70.00,49,49,0,0.00
1545,50,817,3182,10727,12834,20315,31926,31926,0.00,6.00,18.00,30.00,70.00,49,49,0,0.00
1550,50,443,2797,10415,12466,19985,31592,31592,0.00,16.00,22.00,30.00,70.00,49,49,0,0.00
1555,50,729,2659,10181,12266,19808,31408,31408,0.00,8.00,22.00,30.00,70.00,49,49,0,0.00
1600,50,1979,3641,11175,13328,20865,31787,31787,0.00,0.00,0.00,24.00,76.00,49,49,0,0.00
1605,50,1530,3240,10767,12884,20430,31413,31413,0.00,0.00,10.00,30.00,70.00,49,49,0,0.00
1610,50,1652,3483,10708,12805,20811,31267,31267,0.00,0.00,8.00,30.00,70.00,49,49,0,0.00
1615,50,1367,3230,10426,12512,20520,30994,30994,0.00,0.00,12.00,30.00,70.00,49,49,0,0.00
1620,50,1467,3413,10283,12390,20877,31146,31146,0.00,0.00,10.00,28.00,72.00,49,49,0,0.00
1625,50,1137,3113,9967,12090,20576,30845,30845,0.00,0.00,14.00,28.00,72.00,49,49,0,0.00
1630,50,1218,3545,9788,11960,20600,30787,30787,0.00,0.00,14.00,28.00,72.00,49,49,0,0.00
1635,50,986,3332,9532,11686,20336,30542,30542,0.00,0.00,18.00,28.00,72.00,49,49,0,0.00
1640,50,977,3433,9356,11484,20148,30379,30379,0.00,0.00,22.00,28.00,72.00,49,49,0,0.00
1645,50,1000,3555,9203,11268,19928,30297,30297,0.00,0.00,18.00,28.00,72.00,49,49,0,0.00
1650,50,711,3271,8925,10960,19630,30000,30000,0.00,8.00,22.00,28.00,72.00,49,49,0,0.00
1655,50,1158,3474,9015,10974,19638,29943,29943,0.00,0.00,20.00,28.00,72.00,49,49,0,0.00
1700,50,1184,3429,8908,10981,19550,29926,29926,0.00,0.00,16.00,28.00,72.00,49,49,0,0.00
1705,50,997,3222,8664,10743,19309,29778,29778,0.00,0.00,22.00,28.00,72.00,49,49,0,0.00
1710,50,1239,3214,8873,11160,19224,29866,29866,0.00,0.00,16.00,28.00,72.00,49,49,0,0.00
1715,50,1131,3135,8886,11098,19060,29672,29672,0.00,0.00,12.00,28.00,72.00,49,49,0,0.00
1720,50,1027,2942,8789,10921,18812,29441,29441,0.00,0.00,22.00,28.00,72.00,49,49,0,0.00
1725,50,874,2803,8713,10699,18577,29229,29229,0.00,2.00,22.00,28.00,72.00,49,49,0,0.00
1730,50,941,3378,8749,10729,18390,29163,29163,0.00,0.00,22.00,28.00,72.00,49,49,0,0.00
1735,50,914,3306,8637,10575,18140,28928,28928,0.00,0.00,22.00,28.00,72.00,49,49,0,0.00
1740,50,851,3246,8415,10376,17876,29146,29146,0.00,4.00,22.00,28.00,72.00,49,49,0,0.00
1745,50,467,2818,8105,10040,17566,28366,28366,0.00,10.00,22.00,28.00,72.00,49,49,0,0.00
1750,50,604,3022,7975,9911,17326,28619,28619,0.00,8.00,22.00,28.00,72.00,49,49,0,0.00
1755,50,347,2767,7721,9615,17027,28332,28332,0.00,8.00,22.00,28.00,72.00,49,49,0,0.00
1800,50,776,2783,7825,9786,17038,28375,28375,0.00,8.00,22.00,28.00,72.00,49,49,0,0.00
1805,50,1763,3665,9404,10928,17946,28828,28828,0.00,0.00,6.00,24.00,76.00,49,49,0,0.00
1810,50,1823,3886,9665,11170,18111,28687,28687,0.00,0.00,0.00,24.00,76.00,49,49,0,0.00
1815,50,1902,3882,9593,11194,18037,28531,28531,0.00,0.00,0.00,24.00,76.00,49,49,0,0.00
1820,50,1693,4074,9435,11117,17927,28292,28292,0.00,0.00,6.00,24.00,76.00,49,49,0,0.00
1825,50,1595,3966,9362,11222,17902,28095,28095,0.00,0.00,8.00,24.00,76.00,49,49,0,0.00
1830,50,1285,3655,9065,10913,17599,27785,27785,0.00,0.00,10.00,24.00,76.00,49,49,0,0.00
1835,50,1334,3622,9093,11097,17505,27711,27711,0.00,0.00,10.00,24.00,76.00,49,49,0,0.00
1840,50,1112,3563,8930,10967,17304,27484,27484,0.00,0.00,16.00,26.00,74.00,49,49,0,0.00
1845,50,910,3373,8793,10738,17052,27244,27244,0.00,0.00,16.00,28.00,72.00,49,49,0,0.00
1850,50,1189,3458,8876,10709,17064,27123,27123,0.00,0.00,20.00,26.00,74.00,49,49,0,0.00
1855,50,847,3134,8530,10391,16710,26809,26809,0.00,4.00,22.00,28.00,72.00,49,49,0,0.00
1900,50,897,3100,8687,10241,16566,26603,26603,0.00,2.00,22.00,28.00,72.00,49,49,0,0.00
1905,50,1311,3182,9233,10738,16977,30430,30430,0.00,0.00,16.00,28.00,72.00,49,49,0,0.00
1910,50,1161,2905,9027,10565,16692,30179,30179,0.00,0.00,20.00,28.00,72.00,49,49,0,0.00
1915,50,1048,2675,8819,10495,16443,29969,29969,0.00,0.00,22.00,28.00,72.00,49,49,0,0.00
1920,50,1143,2501,8757,10798,16259,29815,29815,0.00,0.00,20.00,28.00,72.00,49,49,0,0.00
1925,50,840,2201,8409,10493,15960,29512,29512,0.00,4.00,22.00,28.00,72.00,49,49,0,0.00
1930,50,1005,2145,8499,10524,15802,29351,29351,0.00,0.00,22.00,28.00,72.00,49,49,0,0.00
1935,50,830,1932,8255,10259,15514,29075,29075,0.00,6.00,22.00,28.00,72.00,49,49,0,0.00
1940,50,605,1697,7986,9963,15249,29464,29464,0.00,16.00,26.00,28.00,72.00,49,49,0,0.00
1945,50,627,2171,7928,9743,15113,29198,29198,0.00,14.00,22.00,28.00,72.00,49,49,0,0.00
1950,50,530,2022,7769,9494,14902,28916,28916,0.00,16.00,24.00,28.00,72.00,49,49,0,0.00
1955,50,745,1897,7602,9327,14665,28660,28660,0.00,10.00,24.00,28.00,72.00,49,49,0,0.00
2000,50,626,1849,7547,9187,14587,28496,28496,0.00,14.00,24.00,28.00,72.00,49,49,0,0.00
2005,50,1564,2937,8584,10047,15248,29693,29693,0.00,0.00,12.00,28.00,72.00,49,49,0,0.00
2010,50,1378,2721,8368,9819,14975,29428,29428,0.00,0.00,22.00,28.00,72.00,49,49,0,0.00
2015,50,1490,2973,8458,9771,14863,29244,29244,0.00,0.00,14.00,28.00,72.00,49,49,0,0.00
2020,50,1345,2877,8388,9711,14735,28998,28998,0.00,0.00,16.00,28.00,72.00,49,49,0,0.00
2025,50,1035,2519,8048,9384,14392,28691,28691,0.00,0.00,24.00,28.00,72.00,49,49,0,0.00
2030,50,959,2512,7920,9435,14268,28468,28468,0.00,0.00,24.00,28.00,72.00,49,49,0,0.00
2035,50,991,2927,7847,9475,14093,28288,28288,0.00,0.00,24.00,28.00,72.00,49,49,0,0.00
2040,50,840,2700,7601,9281,13850,28054,28054,0.00,4.00,24.00,28.00,72.00,49,49,0,0.00
2045,50,752,2542,7357,9046,13652,27797,27797,0.00,12.00,24.00,28.00,72.00,49,49,0,0.00
2050,50,663,2403,7126,8840,13566,27712,27712,0.00,12.00,24.00,28.00,72.00,49,49,0,0.00
2055,50,885,2284,7061,8788,13655,29094,29094,0.00,2.00,24.00,28.00,72.00,49,49,0,0.00
2100,50,991,2470,7053,9101,13696,29117,29117,0.00,0.00,24.00,28.00,72.00,49,49,0,0.00
2105,50,1087,2743,7219,8987,13680,29053,29053,0.00,0.00,24.00,28.00,72.00,49,49,0,0.00
2110,50,1360,3021,7537,8957,13665,29491,29491,0.00,0.00,18.00,28.00,72.00,49,49,0,0.00
2115,50,1017,2634,7200,8616,13345,29151,29151,0.00,0.00,24.00,28.00,72.00,49,49,0,0.00
2120,50,869,2599,7056,8580,13210,29112,29112,0.00,2.00,24.00,28.00,72.00,49,49,0,0.00
2125,50,990,2618,7181,8640,13281,29149,29149,0.00,0.00,24.00,28.00,72.00,49,49,0,0.00
2130,50,1045,2509,7159,8601,13274,29009,29009,0.00,0.00,24.00,28.00,72.00,49,49,0,0.00
2135,50,698,2201,6849,8298,12957,28676,28676,0.00,10.00,24.00,28.00,72.00,49,49,0,0.00
2140,50,677,2501,6629,8122,12787,28540,28540,0.00,14.00,24.00,28.00,72.00,49,49,0,0.00
2145,50,622,2326,6494,7951,12671,29061,29061,0.00,20.00,24.00,28.00,72.00,49,49,0,0.00
2150,50,450,2082,6311,7758,15661,28777,28777,0.00,24.00,24.00,28.00,72.00,49,49,0,0.00
2155,50,335,1848,6086,7553,15608,28507,28507,0.00,18.00,24.00,28.00,72.00,49,49,0,0.00
2200,50,1328,2496,6869,8350,17941,28754,28754,0.00,0.00,24.00,28.00,72.00,49,49,0,0.00
2205,50,1561,2901,7153,8489,17937,28730,28730,0.00,0.00,18.00,28.00,72.00,49,49,0,0.00
2210,50,1420,2813,7177,8479,17830,28494,28494,0.00,0.00,18.00,28.00,72.00,49,49,0,0.00
2215,50,1131,2575,6949,8195,18071,28212,28212,0.00,0.00,24.00,28.00,72.00,49,49,0,0.00
2220,50,1283,2756,7177,8434,18153,28237,28237,0.00,0.00,24.00,28.00,72.00,49,49,0,0.00
2225,50,1160,2625,7049,8342,18011,28048,28048,0.00,0.00,24.00,28.00,72.00,49,49,0,0.00
2230,50,773,2235,6643,7914,17614,27681,27681,0.00,8.00,24.00,28.00,72.00,49,49,0,0.00
2235,50,763,2174,6702,7938,17592,27537,27537,0.00,8.00,24.00,28.00,72.00,49,49,0,0.00
2240,50,1012,2574,6920,7965,17608,27647,27647,0.00,0.00,24.00,28.00,72.00,49,49,0,0.00
2245,50,573,2189,6511,7621,17273,27265,27265,0.00,22.00,24.00,28.00,72.00,49,49,0,0.00
2250,50,546,2052,6483,7495,18224,27127,27127,0.00,24.00,24.00,28.00,72.00,49,49,0,0.00
2255,50,518,1867,6312,7384,18024,26898,26898,0.00,14.00,24.00,28.00,72.00,49,49,0,0.00
2300,50,520,1708,6103,7191,17800,26677,26677,0.00,22.00,28.00,28.00,72.00,49,49,0,0.00
2305,50,1347,2764,6840,8171,18086,27973,27973,0.00,0.00,24.00,28.00,72.00,49,49,0,0.00
2310,50,1373,2759,6887,8111,17921,27901,27901,0.00,0.00,24.00,28.00,72.00,49,49,0,0.00
2315,50,1077,2494,6646,7872,17638,27621,27621,0.00,0.00,24.00,28.00,72.00,49,49,0,0.00
2320,50,956,2449,6583,7901,17452,27407,27407,0.00,0.00,24.00,28.00,72.00,49,49,0,0.00
2325,50,832,2241,6514,7719,17178,27147,27147,0.00,8.00,24.00,28.00,72.00,49,49,0,0.00
2330,50,695,2116,6460,7610,17061,26922,26922,0.00,18.00,24.00,28.00,72.00,49,49,0,0.00
2335,50,964,3914,6630,7735,16969,26890,26890,0.00,0.00,24.00,24.00,76.00,49,49,0,0.00
2340,50,706,3669,6350,7450,16679,26606,26606,0.00,20.00,24.00,24.00,76.00,49,49,0,0.00
2345,50,678,3496,6370,7443,16477,26381,26381,0.00,24.00,24.00,28.00,72.00,49,49,0,0.00
2350,50,561,3297,6341,7382,16195,26177,26177,0.00,24.00,24.00,28.00,72.00,49,49,0,0.00
2355,50,3440,5187,9695,10826,18909,30893,30893,0.00,0.00,0.00,16.00,84.00,49,49,0,0.00
recent_1d,288,9428,14166,19171,22437,23652,24158,24532,0.00,0.00,0.00,0.00,100.00,288,288,0,0.00
recent_3d,864,7562,13850,19550,22863,28080,30377,31042,0.00,0.00,0.00,0.00,100.00,864,864,0,0.00
recent_7d,2016,6623,11869,16916,19764,24088,29696,31042,0.00,0.00,0.00,0.00,100.00,2016,2016,0,0.00
recent_15d,4320,5320,10906,15843,18568,23158,28080,31042,0.00,0.00,0.00,0.00,100.00,4320,4320,0,0.00
recent_30d,8640,4796,10052,14848,17737,22481,27021,31042,0.00,0.00,0.00,0.00,100.00,8640,8640,0,0.00
overall,14316,335,3866,11304,17218,24484,39760,44989,0.00,2.45,12.29,24.22,75.78,14099,14099,0,0.00
